Date / Title	Image	Bar Color	Bar Color	2011-03	2011-04	2011-05	2011-06	2011-07	2011-08	2011-09	2011-10	2011-11	2011-12	2012-01	2012-02	2012-03	2012-04	2012-05	2012-06	2012-07	2012-08	2012-09	2012-10	2012-11	2012-12	2013-01	2013-02	2013-03	2013-04	2013-05	2013-06	2013-07	2013-08	2013-09	2013-10	2013-11	2013-12	2014-01	2014-02	2014-03	2014-04	2014-05	2014-06	2014-07	2014-08	2014-09	2014-10	2014-11	2014-12	2015-01	2015-02	2015-03	2015-04	2015-05	2015-06	2015-07	2015-08	2015-09	2015-10	2015-11	2015-12	2016-01	2016-02	2016-03	2016-04	2016-05	2016-06	2016-07	2016-08	2016-09	2016-10	2016-11	2016-12	2017-01	2017-02	2017-03	2017-04	2017-05	2017-06	2017-07	2017-08	2017-09	2017-10	2017-11	2017-12	2018-01	2018-02	2018-03	2018-04	2018-05	2018-06	2018-07	2018-08	2018-09	2018-10	2018-11	2018-12	2019-01	2019-02	2019-03	2019-04	2019-05	2019-06	2019-07	2019-08	2019-09	2019-10	2019-11	2019-12	2020-01	2020-02	2020-03	2020-04	2020-05	2020-06	2020-07	2020-08	2020-09	2020-10	2020-11	2020-12	2021-01	2021-02	2021-03	2021-04	2021-05	2021-06	2021-07	2021-08	2021-09	2021-10	2021-11	2021-12	2022-01	2022-02	2022-03	2022-04	2022-05	2022-06	2022-07	2022-08	2022-09	2022-10	2022-11	2022-12	2023-01	2023-02	2023-03	2023-04	2023-05	2023-06	2023-07	2023-08	2023-09	2023-10	2023-11	2023-12	2024-01	2024-02	2024-03	2024-04	2024-05	2024-06	2024-07	2024-08	2024-09	2024-10	2024-11	2024-12
MrBeast	https://alienart-space.nyc3.cdn.digitaloceanspaces.com/62cc377a1e8bfde8fab09612	#00acd2	#823be4	0	0	0	0	0	0	0	0	0	0	0	0	26	26	25	25	27	25	21	23	26	26	35	38	103	131	161	178	306	341	345	349	655	712	750	803	939	1079	1206	1340	1490	1581	1632	1675	1704	1751	1799	1829	1898	2085	2173	2799	4188	6558	8507	10000	13000	16000	18000	20000	21000	27000	43000	81000	153000	180000	204000	272000	401000	463000	659000	738000	841000	967000	1225000	1329000	1406000	1685000	1732000	1815000	1884000	2009000	2795000	3374000	4092000	4629000	5026000	5496000	6808000	7803000	8264000	9734000	11522000	13319000	14372000	15341000	16508000	17855000	19477000	21201000	22069000	23545000	24500000	25400000	26400000	28300000	29200000	31000000	33400000	34500000	34700000	35700000	37800000	39600000	42500000	44100000	45800000	46900000	49700000	52500000	54300000	57500000	61300000	62800000	64300000	65800000	67700000	70400000	73100000	82800000	87100000	89500000	91100000	92700000	94600000	96000000	100000000	103000000	105000000	108000000	112000000	125000000	130000000	136000000	139000000	149000000	156000000	163000000	172000000	180000000	187000000	205000000	215000000	224000000	236000000	241000000	248000000	255000000	264000000	293000000	307000000	313000000	318000000	325000000	333000000	338000000
T-Series	https://alienart-space.nyc3.cdn.digitaloceanspaces.com/62cd10492628d2f37432fc80	#ee1824	#2de94a	0	0	0	0	0	0	0	76000	109000	170000	229000	268000	306000	344000	378000	415000	453000	489000	528000	579000	631000	767000	966000	1227000	1566000	1888000	2096000	2338000	2542000	2702000	2889000	3114000	3434000	3756000	4075000	4373000	4626000	4780000	4957000	5130000	5331000	5541000	5736000	5911000	6076000	6234000	6428000	6612000	6791000	6950000	7123000	7291000	7489000	7706000	8000000	8288000	8586000	8887000	9196000	9544000	9902000	10268000	10639000	10944000	11328000	11818000	12299000	12879000	13566000	14392000	15234000	16132000	17286000	18479000	19541000	20671000	22228000	23810000	25321000	27027000	28728000	31088000	33967000	36889000	40360000	43574000	46863000	50554000	55221000	59756000	63945000	67922000	72343000	78010000	83063000	87323000	91976000	96406000	100199000	103588000	106890000	110224000	113000000	116000000	120000000	123000000	127000000	130000000	134000000	137000000	140000000	143000000	147000000	151000000	153000000	155000000	159000000	163000000	166000000	170000000	174000000	178000000	181000000	183000000	186000000	189000000	191000000	194000000	197000000	200000000	203000000	206000000	209000000	212000000	214000000	217000000	221000000	224000000	225000000	228000000	229000000	232000000	235000000	237000000	239000000	241000000	243000000	244000000	246000000	248000000	250000000	252000000	254000000	256000000	258000000	260000000	262000000	264000000	266000000	268000000	270000000	272000000	275000000	277000000	280000000	282000000
Cocomelon - Nursery Rhymes	https://alienart-space.nyc3.cdn.digitaloceanspaces.com/62cd24bc2628d2f374330fb1	#2b582d	#b7fe9f	0	0	0	0	0	0	0	0	0	0	0	0	0	0	0	0	0	0	0	0	0	0	0	0	0	0	0	0	0	0	0	0	0	0	0	0	0	0	0	151000	189000	230000	270000	317000	355000	394000	436000	480000	519000	549000	582000	610000	634000	668000	697000	730000	758000	790000	830000	874000	927000	971000	1044000	1104000	1158000	1204000	1256000	1310000	1354000	1402000	1453000	1494000	1541000	1596000	1661000	1732000	1840000	1939000	2096000	2285000	2601000	2967000	3948000	4732000	5906000	7121000	8829000	11147000	14443000	18271000	21398000	24708000	28077000	31127000	34922000	38325000	42005000	46033000	49272000	51972000	53537000	58560000	61200000	64000000	66400000	68800000	71700000	74400000	77200000	80000000	80900000	83900000	87000000	89400000	92200000	94700000	97200000	99200000	101000000	104000000	106000000	108000000	110000000	112000000	114000000	116000000	117000000	119000000	120000000	123000000	125000000	128000000	130000000	132000000	134000000	136000000	140000000	142000000	143000000	145000000	147000000	150000000	153000000	155000000	156000000	158000000	159000000	161000000	163000000	164000000	166000000	167000000	168000000	169000000	171000000	172000000	173000000	174000000	176000000	177000000	179000000	181000000	183000000	184000000	186000000	187000000
SET India	https://alienart-space.nyc3.cdn.digitaloceanspaces.com/62cd38fc941c72bc44cbe6a4	#d59623	#36a635	0	0	0	0	0	0	0	44000	59000	99000	143000	177000	215000	247000	280000	313000	346000	382000	421000	466000	510000	592000	759000	993000	1293000	1537000	1711000	1902000	2085000	2210000	2318000	2418000	2627000	2844000	3053000	3201000	3285000	3348000	3412000	3456000	3511000	3593000	3664000	3726000	3804000	3881000	3956000	4026000	4091000	4150000	4220000	4312000	4405000	4483000	4556000	4641000	4737000	4847000	5024000	5235000	5417000	5617000	5911000	6193000	6476000	6778000	7130000	7650000	8182000	8742000	9445000	10085000	10794000	11502000	12157000	12863000	13710000	14433000	15141000	15914000	16682000	17640000	18843000	19893000	21442000	22796000	24448000	26218000	28274000	30487000	32564000	34581000	36607000	38583000	40796000	42676000	44814000	46806000	48776000	50568000	52485000	54800000	56700000	58500000	60100000	62000000	64100000	66200000	68400000	71000000	72300000	73500000	75600000	78400000	81100000	84100000	86800000	89300000	92100000	94900000	97300000	100000000	103000000	105000000	108000000	111000000	113000000	116000000	118000000	120000000	123000000	126000000	128000000	130000000	132000000	134000000	139000000	141000000	143000000	145000000	146000000	149000000	151000000	152000000	154000000	155000000	156000000	158000000	160000000	161000000	163000000	164000000	165000000	166000000	168000000	169000000	170000000	171000000	173000000	174000000	175000000	177000000	178000000	179000000	179000000	180000000
Vlad and Niki	https://alienart-space.nyc3.cdn.digitaloceanspaces.com/62ce68147cc7f828e23ecda5	#fe8400	#cb83a7	0	0	0	0	0	0	0	0	0	0	0	0	0	0	0	0	0	0	0	0	0	0	0	0	0	0	0	0	0	0	0	0	0	0	0	0	0	0	0	0	0	0	0	0	0	0	0	0	0	0	0	0	0	0	0	0	0	0	0	0	0	0	0	0	0	0	0	0	0	0	0	0	0	0	0	0	0	0	0	0	0	0	0	0	0	0	0	0	0	0	0	0	0	10666000	12305000	15349000	18003000	19398000	21301000	22678000	24590000	24875000	25947000	27000000	28600000	30100000	31700000	33500000	35100000	37200000	39100000	41400000	43800000	48200000	51100000	53800000	56800000	59000000	60600000	62000000	63300000	64600000	66500000	68400000	69400000	70500000	71400000	72500000	73700000	75300000	76700000	77800000	79400000	80500000	81200000	82400000	84500000	86000000	87200000	89000000	89700000	92000000	93000000	94200000	95700000	96500000	97500000	98700000	99500000	100000000	101000000	103000000	105000000	107000000	109000000	112000000	115000000	117000000	118000000	120000000	122000000	123000000	125000000	126000000	128000000	130000000
✿ Kids Diana Show	https://alienart-space.nyc3.cdn.digitaloceanspaces.com/62cd5fe97cc7f828e23da29b	#720e48	#530c59	0	0	0	0	0	0	0	0	0	0	0	0	0	0	0	0	0	0	0	0	0	0	0	0	0	0	0	0	0	0	0	0	0	0	0	0	0	0	0	0	0	0	0	0	0	0	0	0	0	0	0	0	3000	5000	7000	11000	26000	39000	69000	108000	171000	257000	376000	491000	653000	778000	922000	1027000	1093000	1184000	1292000	1390000	1480000	1554000	1628000	1851000	2161000	2685000	2996000	3489000	3987000	3981000	3964000	3999000	4136000	4337000	4802000	5470000	6393000	7606000	8716000	9868000	11661000	13686000	15567000	18006000	20447000	23001000	25299000	27824000	30693000	32546000	33845000	35100000	37100000	39800000	42300000	45500000	47800000	50200000	52200000	54600000	56800000	59300000	62200000	64400000	67300000	70100000	72000000	73700000	75100000	76500000	77900000	79300000	80500000	81800000	82800000	83800000	84900000	85800000	86900000	89600000	91000000	92500000	94600000	95700000	99100000	100000000	101000000	102000000	103000000	106000000	107000000	108000000	110000000	110000000	111000000	112000000	113000000	113000000	114000000	115000000	116000000	117000000	118000000	119000000	120000000	121000000	122000000	123000000	124000000	125000000	126000000	127000000	128000000	129000000
Like Nastya	https://alienart-space.nyc3.cdn.digitaloceanspaces.com/62cd5ace7cc7f828e23d9e39	#2bccd2	#a51667	0	0	0	0	0	0	0	0	0	0	0	0	0	0	0	0	0	0	0	0	0	0	0	0	0	0	0	0	0	0	0	0	0	0	0	0	0	0	0	0	0	0	0	0	0	0	0	0	0	0	0	0	0	0	0	0	0	0	0	0	0	0	0	0	0	0	0	0	0	4000	6000	8000	9000	21000	30000	33000	38000	49000	69000	81000	102000	179000	420000	884000	1440000	1821000	2409000	3467000	5317000	7220000	9020000	10116000	10649000	12439000	14319000	16622000	18749000	21483000	23874000	26479000	28826000	30395000	32646000	34800000	38000000	40900000	43500000	46600000	49000000	51800000	53600000	55400000	57000000	58200000	59500000	61300000	63400000	64900000	66600000	68400000	70400000	72300000	73400000	74200000	75000000	75900000	76400000	76900000	77700000	81300000	85000000	86200000	87800000	90300000	91700000	95500000	98700000	100000000	101000000	101000000	102000000	103000000	104000000	104000000	105000000	105000000	105000000	106000000	106000000	107000000	107000000	109000000	110000000	111000000	112000000	113000000	114000000	115000000	116000000	117000000	118000000	119000000	120000000	121000000	123000000	124000000
Zee Music Company	https://alienart-space.nyc3.cdn.digitaloceanspaces.com/62ce63777cc7f828e23ecca4	#ed1f27	#94bf19	0	0	0	0	0	0	0	0	0	0	0	0	0	0	0	0	0	0	0	0	0	0	0	0	0	0	0	0	0	0	0	0	0	0	0	0	0	0	0	0	0	0	0	0	0	0	0	0	0	0	0	0	0	631000	724000	832000	900000	964000	1050000	1122000	1181000	1230000	1284000	1357000	1547000	1905000	2217000	2478000	2800000	3295000	3975000	4479000	4987000	5700000	6551000	7201000	7901000	8531000	9137000	9853000	10579000	11562000	12691000	13668000	14831000	15964000	17451000	18981000	20947000	22935000	24500000	26022000	27491000	28760000	30393000	32003000	33883000	35971000	37894000	39767000	41128000	42543000	44100000	45500000	46800000	48300000	49700000	51000000	52600000	54100000	54400000	55400000	57000000	59200000	60900000	62400000	63900000	65400000	66800000	68200000	69400000	70800000	72100000	73400000	74500000	75500000	76400000	77300000	78300000	79400000	80400000	81100000	81900000	82800000	83600000	84300000	86400000	87500000	88400000	89300000	89900000	91000000	91900000	92900000	93900000	94600000	95300000	96200000	97400000	99000000	100000000	101000000	102000000	103000000	104000000	104000000	106000000	106000000	107000000	108000000	109000000	110000000	110000000	111000000	112000000	113000000
PewDiePie	https://alienart-space.nyc3.cdn.digitaloceanspaces.com/62cd4b547cc7f828e23d8c75	#fb4746	#7fb531	6122	12000	14000	16000	19000	24000	29000	41000	59000	85000	126000	207000	312000	444000	641000	868000	1309000	1696000	2157000	2560000	2960000	3573000	4367000	5288000	6118000	7291000	8222000	9600000	11231000	12584000	13901000	14997000	16964000	19254000	21734000	23978000	25509000	26398000	27284000	28095000	29194000	30302000	31104000	31865000	32554000	33291000	34199000	34913000	35694000	36333000	36933000	37597000	38399000	39000000	39602000	40154000	40642000	41267000	41891000	42516000	43070000	43635000	44738000	46173000	46893000	47593000	48130000	48978000	49355000	51743000	52839000	53901000	54454000	54843000	55215000	55941000	56614000	57139000	57357000	57697000	58081000	58773000	60391000	61149000	61800000	62355000	62969000	63735000	64700000	65677000	66550000	68596000	72540000	79126000	83254000	87401000	91892000	95132000	96253000	96917000	98365000	100714000	101458000	102000000	102000000	102000000	103000000	103000000	103000000	104000000	105000000	105000000	106000000	106000000	106000000	107000000	107000000	108000000	108000000	109000000	109000000	109000000	110000000	110000000	110000000	110000000	110000000	110000000	110000000	110000000	111000000	111000000	111000000	111000000	111000000	111000000	111000000	111000000	111000000	111000000	111000000	111000000	111000000	111000000	111000000	111000000	111000000	111000000	111000000	111000000	111000000	111000000	111000000	111000000	111000000	111000000	111000000	111000000	111000000	111000000	111000000	111000000	111000000	110000000	110000000	110000000
WWE	https://alienart-space.nyc3.cdn.digitaloceanspaces.com/62cdbe8d7cc7f828e23e1b37	#030707	#72b86e	0	0	680000	689000	706000	721000	734000	746000	755000	781000	796000	870000	909000	965000	984000	1020000	1064000	1108000	1143000	1181000	1224000	1325000	1449000	1606000	1760000	1935000	2035000	2138000	2262000	2417000	2534000	2662000	2801000	2943000	3156000	3353000	3535000	3754000	3888000	4008000	4184000	4389000	4557000	4757000	4994000	5220000	5507000	5757000	6122000	6437000	6721000	7049000	7448000	7879000	8223000	8571000	8935000	9374000	9931000	9987000	10555000	11069000	11454000	11786000	12151000	12551000	12802000	13067000	13413000	13750000	14160000	14605000	15118000	15825000	16210000	16603000	17083000	17595000	18078000	18709000	19456000	20479000	21734000	22754000	24184000	25744000	27091000	28442000	30103000	32252000	33934000	35659000	37119000	38062000	39206000	40106000	41266000	42715000	43980000	45311000	46555000	47852000	48900000	50300000	51500000	52600000	54100000	55200000	56600000	58900000	60800000	62300000	63700000	65200000	65900000	67000000	68500000	69900000	71300000	72700000	73900000	75300000	76400000	77700000	78700000	79800000	81100000	82000000	82800000	83800000	84500000	85400000	86100000	87000000	87900000	88600000	89900000	90600000	91100000	91600000	91900000	92500000	93100000	93600000	94100000	94600000	95100000	95700000	96400000	96900000	97400000	97800000	98200000	98700000	99200000	99800000	100000000	101000000	102000000	102000000	103000000	104000000	104000000	105000000	105000000	106000000
Stokes Twins	https://alienart-space.nyc3.cdn.digitaloceanspaces.com/66145f522a3566f22cda2232	#06070f	#beb367	0	0	0	0	0	0	0	0	0	0	0	0	0	0	0	0	0	0	0	0	0	0	0	0	0	0	0	0	0	0	0	0	0	0	0	0	0	0	0	0	0	0	0	0	0	0	0	0	0	0	0	0	0	0	0	0	0	0	0	0	0	0	0	0	0	0	0	0	0	0	0	0	0	0	0	0	0	0	0	0	14000	16000	19000	21000	23000	27000	31000	33000	50000	69000	347000	428000	575000	748000	869000	1004000	1207000	1351000	1609000	1758000	1960000	2392000	2543000	2870000	3030000	3080000	3130000	3290000	3727000	4140000	4464000	4620000	4620000	4805000	4990000	4990000	4990000	4990000	5350000	6030000	6620000	7120000	7120000	7430000	7740000	8050000	8360000	9180000	10000000	10575000	11150000	11725000	12300000	12800000	13300000	13800000	14300000	14800000	15300000	15800000	16750000	17700000	18350000	19000000	19433000	19867000	20300000	21000000	21700000	22400000	23100000	23800000	24533000	25267000	26000000	26300000	26900000	44700000	60300000	71800000	80600000	87100000	90400000	94200000	99800000	104000000
Goldmines	https://alienart-space.nyc3.cdn.digitaloceanspaces.com/62ceac0153559cb477701377	#3c290a	#068f0e	0	0	0	0	0	0	0	0	0	0	0	0	0	0	0	0	0	0	0	0	0	0	0	0	0	0	0	0	0	0	0	0	0	0	0	0	0	0	0	218000	247000	281000	309000	330000	351000	377000	406000	431000	458000	483000	507000	535000	566000	597000	626000	655000	681000	711000	738000	769000	805000	837000	869000	910000	961000	1022000	1108000	1203000	1314000	1500000	1658000	1784000	1942000	2086000	2314000	2738000	3293000	3756000	4123000	4523000	5125000	5812000	6524000	7250000	8060000	8828000	9883000	11301000	12405000	13633000	14894000	16333000	17498000	18562000	19683000	21135000	22157000	22967000	24006000	25067000	26173000	27014000	27900000	28900000	29700000	30800000	31900000	32800000	33900000	35400000	35700000	36700000	37700000	39300000	40500000	42000000	43500000	45000000	46800000	48500000	50200000	51500000	52700000	54100000	55400000	56800000	57900000	59200000	60400000	61700000	63500000	65400000	66700000	68000000	69300000	70600000	73400000	75500000	77100000	78200000	78800000	80400000	81700000	82800000	83900000	84800000	85600000	86700000	87400000	88900000	90500000	91500000	92200000	93000000	93900000	94700000	95600000	96300000	97000000	97800000	98600000	99500000	100000000	100000000	101000000	102000000
Sony SAB	https://alienart-space.nyc3.cdn.digitaloceanspaces.com/62ceae9353559cb477701601	#fd9b10	#545ac1	0	0	0	0	0	0	0	0	0	0	0	0	0	0	0	0	0	0	0	0	0	0	0	0	0	0	0	0	0	0	0	0	0	0	0	0	0	0	0	649000	680000	711000	738000	763000	787000	814000	848000	877000	907000	939000	974000	1012000	1055000	1097000	1137000	1180000	1223000	1272000	1325000	1379000	1448000	1508000	1578000	1645000	1708000	1779000	1856000	1982000	2113000	2260000	2434000	2597000	2811000	3050000	3309000	3615000	3968000	4252000	4529000	4850000	5150000	5563000	6018000	6443000	7070000	7676000	8477000	9355000	10171000	11024000	11922000	12861000	13843000	14689000	15574000	16370000	17437000	18536000	19853000	21019000	21937000	23032000	23900000	24900000	25700000	26600000	27300000	28100000	29100000	30200000	30400000	31300000	32900000	34800000	36300000	38000000	39800000	41300000	43100000	44800000	46300000	48100000	49900000	51600000	53100000	54800000	56400000	58000000	59300000	60400000	61500000	62800000	63800000	65000000	66400000	67700000	70300000	71500000	72500000	73600000	74100000	75600000	76700000	77700000	79000000	80000000	81200000	82500000	83800000	84800000	85800000	86600000	87300000	88200000	89000000	89700000	90500000	91300000	92300000	93300000	94300000	95200000	95900000	96600000	97400000	98000000
BLACKPINK	https://alienart-space.nyc3.cdn.digitaloceanspaces.com/62cea8ca7cc7f828e23ee686	#000000	#a44f78	0	0	0	0	0	0	0	0	0	0	0	0	0	0	0	0	0	0	0	0	0	0	0	0	0	0	0	0	0	0	0	0	0	0	0	0	0	0	0	0	0	0	0	0	0	0	0	0	0	0	0	0	0	0	0	0	0	0	0	0	0	0	0	0	0	0	0	1203000	1599000	1738000	1891000	2047000	2321000	2433000	2544000	3186000	3507000	3746000	4163000	4346000	4520000	4961000	5368000	5690000	5973000	6283000	6570000	6965000	10073000	10996000	11816000	12501000	13306000	16312000	17648000	18895000	19887000	21043000	26009000	27165000	28198000	28798000	29726000	30400000	31000000	31700000	32300000	32900000	33500000	34100000	34900000	35900000	40000000	43000000	46500000	49100000	52400000	53900000	55200000	56800000	57800000	59500000	60700000	61700000	62600000	63600000	64600000	67600000	69000000	70100000	71000000	71900000	72500000	73200000	73900000	74500000	75900000	79500000	81900000	82700000	82900000	83600000	84100000	84500000	85500000	87600000	88700000	89500000	90300000	91100000	91500000	91900000	92200000	92500000	92800000	93000000	93300000	93600000	93800000	94100000	94400000	94700000	94900000	95100000	95300000	95400000
ChuChu TV Nursery Rhymes & Kids Songs	https://alienart-space.nyc3.cdn.digitaloceanspaces.com/62cfdccdeabff240fc5cb677	#001100	#37e5da	0	0	0	0	0	0	0	0	0	0	0	0	0	0	0	0	0	0	0	0	0	0	0	0	0	0	0	0	0	0	0	0	0	0	0	0	0	0	0	205000	238000	275000	311000	387000	486000	656000	811000	978000	1186000	1389000	1597000	1768000	1944000	2126000	2325000	2562000	2769000	2999000	3247000	3537000	3904000	4179000	4485000	4820000	5159000	5514000	5873000	6309000	6745000	7219000	7686000	8123000	8630000	9185000	9712000	10224000	10811000	11497000	12106000	12691000	13309000	14010000	14741000	15354000	16101000	16799000	17496000	18156000	18878000	19485000	20001000	20532000	21024000	21472000	21996000	22351000	22787000	23195000	23608000	24117000	25159000	26004000	26800000	27900000	28900000	30200000	31100000	32000000	33100000	34400000	34700000	35800000	37000000	38200000	39400000	40500000	41600000	42600000	43800000	44900000	45800000	46800000	47900000	48700000	49500000	50300000	50900000	51700000	52200000	52800000	53400000	54100000	54600000	55300000	55900000	56500000	57600000	58200000	58800000	59500000	59800000	60700000	61400000	62200000	63900000	64500000	64900000	65700000	66200000	67100000	67800000	68300000	68900000	69400000	69800000	70100000	90700000	91000000	91300000	91700000	92100000	92700000	93300000	93700000	94100000	94400000
Zee TV	https://alienart-space.nyc3.cdn.digitaloceanspaces.com/62ceb3de53559cb477701c96	#fe4c00	#33502f	0	0	0	0	0	0	0	0	0	0	0	0	0	0	0	0	0	0	0	0	0	0	0	0	0	0	0	0	0	0	0	0	0	0	0	0	0	0	0	1510000	1607000	1731000	1863000	1964000	2061000	2157000	2259000	2346000	2429000	2502000	2584000	2670000	2771000	2862000	2938000	3017000	3099000	3197000	3306000	3429000	3584000	3711000	3847000	4016000	4181000	4343000	4501000	4680000	4860000	5078000	5314000	5555000	5911000	6293000	6672000	7022000	7461000	7911000	8357000	8860000	9348000	9935000	10616000	11283000	12166000	13182000	14335000	15562000	16989000	18281000	19575000	20630000	21736000	22636000	23681000	24626000	25959000	27462000	29453000	31356000	33103000	33207000	34631000	35800000	37100000	38200000	39400000	40500000	41400000	42600000	44000000	45300000	46900000	48500000	49900000	51500000	52800000	53800000	54800000	56100000	57200000	57400000	57700000	57900000	58100000	58600000	59000000	59400000	59800000	60200000	60600000	61100000	61500000	61800000	62100000	62300000	62900000	63200000	63500000	63900000	64300000	65100000	65600000	66000000	66900000	68100000	69100000	70100000	71000000	72000000	73000000	73800000	74700000	75800000	76900000	77800000	78800000	79700000	80600000	81400000	82500000	83400000	84300000	85100000	85800000	86400000
5-Minute Crafts	https://alienart-space.nyc3.cdn.digitaloceanspaces.com/62ce6a637cc7f828e23ece20	#2ea5dd	#fab4ea	0	0	0	0	0	0	0	0	0	0	0	0	0	0	0	0	0	0	0	0	0	0	0	0	0	0	0	0	0	0	0	0	0	0	0	0	0	0	0	0	0	0	0	0	0	0	0	0	0	0	0	0	0	0	0	0	0	0	0	0	0	0	0	0	0	0	0	0	0	0	0	220000	1073000	1925000	2778000	3924000	4750000	5551000	6124000	7201000	7954000	10585000	11959000	13434000	16306000	17984000	19832000	21960000	27742000	30917000	33672000	38344000	40664000	45380000	47528000	49442000	52686000	54162000	55407000	57438000	58589000	59140000	60275000	61000000	61800000	62400000	63200000	63900000	64800000	65700000	66300000	66800000	67200000	67500000	68000000	68600000	69200000	69800000	70300000	70700000	71300000	71900000	72200000	72500000	72800000	73200000	73300000	73800000	74100000	74600000	75200000	75500000	75700000	76100000	76400000	76800000	77100000	77300000	77600000	77800000	77900000	78400000	78600000	79000000	79400000	79700000	79900000	80100000	80100000	80200000	80300000	80300000	80400000	80500000	80600000	80600000	80600000	80600000	80700000	80700000	80700000	80800000	80900000	81000000	81100000	81100000
Baby Shark - Pinkfong Kids’ Songs & Stories	https://alienart-space.nyc3.cdn.digitaloceanspaces.com/62cf99b697aa7421d92a6b9d	#00ccff	#cd7e4b	0	0	0	0	0	0	0	0	0	0	0	0	0	0	0	0	0	0	0	0	0	0	0	0	0	0	0	0	0	0	0	0	0	0	0	0	0	0	0	0	0	0	0	0	0	0	0	0	0	0	0	0	0	0	0	0	0	0	0	0	0	0	609000	672000	752000	827000	887000	978000	1056000	1149000	1235000	1292000	1364000	1473000	1586000	1709000	1873000	2150000	2900000	3610000	4193000	4945000	5684000	6268000	6864000	7455000	8127000	8817000	9453000	10260000	11212000	12071000	12930000	13906000	14916000	15844000	17002000	18126000	18971000	19566000	20812000	21520000	22725000	23800000	25300000	26500000	27800000	28900000	29900000	31400000	32700000	34000000	35300000	36600000	37700000	38900000	40200000	41500000	42700000	44000000	45100000	46100000	47200000	48800000	50000000	50900000	51500000	52300000	53000000	53700000	54500000	55300000	56000000	56700000	57300000	58000000	59200000	59900000	60800000	61700000	62200000	63900000	65000000	65800000	66500000	67000000	67400000	67900000	68600000	69200000	69900000	70600000	71200000	71800000	72500000	73100000	79600000	80300000	75100000	75800000	76600000	77300000	77900000	78400000	79100000	79500000
BANGTANTV	https://alienart-space.nyc3.cdn.digitaloceanspaces.com/62ceafff53559cb4777017c7	#8b3bde	#1c167f	0	0	0	0	0	0	0	0	0	0	0	0	0	0	0	0	0	0	0	0	0	0	0	0	0	0	0	0	0	0	0	0	0	0	0	0	0	0	0	0	0	0	0	0	0	0	0	0	0	0	0	0	0	0	0	0	0	0	0	0	1417000	1483000	1610000	1731000	1813000	1901000	2009000	2219000	2372000	2532000	2699000	2907000	3098000	3228000	3417000	3765000	3926000	4135000	4471000	4854000	5231000	5581000	6042000	6477000	7365000	7799000	8561000	9271000	10027000	11078000	11821000	12608000	13318000	14155000	15151000	15792000	16182000	17991000	19023000	20094000	20952000	21831000	22300000	23000000	23600000	24300000	25100000	26000000	26800000	28700000	29000000	30100000	32100000	33400000	35700000	37600000	39500000	41400000	42900000	44300000	45500000	46900000	49000000	51100000	52900000	55600000	57100000	58900000	60200000	61300000	62600000	63500000	64300000	65100000	65900000	66600000	69800000	70500000	70900000	71500000	71700000	72800000	73300000	73700000	74100000	74500000	74900000	75500000	75900000	76200000	76500000	76700000	76900000	77200000	77400000	77500000	77700000	77900000	78100000	78400000	78700000	78800000	79000000	79200000	79300000	79500000
Colors TV	https://alienart-space.nyc3.cdn.digitaloceanspaces.com/62cfe0dceabff240fc5cc072	#f3836b	#f2b5bf	0	0	0	0	0	0	0	0	0	0	0	0	0	0	0	0	0	0	0	0	0	0	0	0	0	0	0	0	0	0	0	0	0	0	0	0	0	0	0	2271000	2330000	2399000	2475000	2540000	2613000	2664000	2719000	2774000	2820000	2858000	2901000	2959000	3042000	3114000	3208000	3294000	3384000	3522000	3675000	3812000	3946000	4028000	4113000	4195000	4277000	4386000	4493000	4610000	4795000	5003000	5231000	5450000	5661000	5872000	6063000	6284000	6515000	6722000	6932000	7184000	7411000	7697000	8093000	8454000	8953000	9462000	10038000	10760000	11520000	12256000	12943000	13610000	14297000	14993000	15730000	16271000	16930000	17514000	18092000	18590000	19092000	19752000	20300000	20800000	21400000	22000000	22700000	23300000	23900000	24600000	24800000	25300000	25900000	26900000	27900000	29100000	30400000	31500000	32900000	34600000	35900000	37700000	38900000	40200000	41400000	42700000	43800000	45100000	46200000	47300000	48200000	49300000	50300000	51300000	52200000	53100000	54900000	55800000	56600000	57300000	57700000	58800000	59600000	60300000	61000000	61800000	62900000	64100000	65300000	66200000	67000000	67900000	68800000	69600000	70200000	70700000	71400000	72000000	72800000	73700000	74700000	75400000	76200000	76900000	77400000	77700000
HYBE LABELS	https://alienart-space.nyc3.cdn.digitaloceanspaces.com/62ceb13753559cb477701931	#f5fe00	#9c1dce	0	0	0	0	0	0	0	0	0	0	0	0	0	0	0	0	0	0	0	0	0	0	0	0	0	0	0	0	0	0	0	0	0	0	0	0	0	0	0	0	0	0	0	0	0	0	0	0	0	0	0	0	0	0	0	0	0	0	0	0	0	0	0	0	0	0	0	1822000	2099000	2246000	2392000	3236000	3514000	3727000	4000000	4262000	4572000	5102000	6238000	6683000	7405000	8122000	8797000	9371000	10313000	11101000	12942000	13871000	14654000	16547000	17470000	18266000	18965000	19688000	20750000	21424000	22519000	25207000	26219000	27093000	27859000	28517000	29200000	29900000	30300000	30800000	31800000	33500000	34400000	35200000	35400000	36600000	38400000	39400000	43300000	44700000	46200000	48700000	49700000	50700000	51500000	52900000	53900000	56900000	57900000	60000000	60900000	61600000	62400000	62900000	63400000	63900000	64300000	64800000	65200000	65700000	67700000	68000000	68200000	68700000	68800000	69400000	69400000	69300000	69900000	70400000	70800000	71000000	71900000	72500000	72900000	73100000	73500000	73700000	73900000	74000000	74300000	74600000	74900000	75200000	75500000	75600000	75700000	75900000	76200000	76300000
김프로KIMPRO	https://alienart-space.nyc3.cdn.digitaloceanspaces.com/6648b4d8747e131f6e3bf8cd	#e06176	#963490	0	0	0	0	0	0	0	0	0	0	0	0	0	0	0	0	0	0	0	0	0	0	0	0	0	0	0	0	0	0	0	0	0	0	0	0	0	0	0	0	0	0	0	0	0	0	0	0	0	0	0	0	0	0	0	0	0	0	0	0	0	0	0	0	0	0	0	0	0	0	0	0	0	0	0	0	0	0	0	0	0	0	0	0	0	0	0	0	0	0	0	0	0	0	0	0	0	0	0	0	0	0	0	0	0	0	0	0	0	0	0	0	0	0	0	0	0	0	0	0	0	0	0	0	0	0	0	0	0	0	0	0	0	0	0	0	0	0	825000	1790000	2940000	3690000	4870000	6400000	7870000	9590000	11800000	14000000	16500000	19900000	22400000	25300000	26700000	28400000	30200000	31700000	33400000	35300000	40300000	41800000	46100000	52800000	60100000	66100000	71000000	75100000
Justin Bieber	https://alienart-space.nyc3.cdn.digitaloceanspaces.com/62cead6e53559cb4777014e1	#001514	#42cfa0	0	0	0	0	0	0	0	0	0	0	0	0	0	0	0	0	0	0	0	0	0	0	0	0	0	0	0	0	0	0	0	0	0	0	0	0	0	0	0	0	0	0	0	0	0	0	0	0	0	0	0	0	0	0	0	0	0	0	0	0	0	0	3029000	3036000	3053000	3064000	3072000	3078000	3085000	3092000	3124000	3131000	3139000	3150000	3165000	3174000	3199000	3272000	3328000	3403000	3509000	3809000	4369000	4695000	38042000	38675000	39183000	39702000	40302000	40863000	41278000	41748000	42203000	42658000	43104000	43560000	44076000	44532000	44999000	45503000	45831000	46031000	46398000	46700000	47100000	47400000	47800000	49800000	52000000	52900000	53700000	54400000	55100000	55700000	56300000	57300000	58300000	59200000	59900000	60700000	61100000	62100000	62900000	63600000	64100000	64500000	65000000	65400000	66000000	66400000	66900000	67400000	67700000	68100000	68600000	69000000	69600000	69900000	70200000	70400000	70500000	70700000	70900000	71000000	71200000	71300000	71400000	71500000	71700000	71800000	72000000	72100000	72200000	72400000	72500000	72600000	72700000	72800000	73000000	73100000	73300000	73400000	73600000	74100000	74300000	74500000
T-Series Bhakti Sagar	https://alienart-space.nyc3.cdn.digitaloceanspaces.com/62d005f2eabff240fc5d3a92	#ec1b24	#d33cfd	0	0	0	0	0	0	0	0	0	0	0	0	0	0	0	0	0	0	0	0	0	0	0	0	0	0	0	0	0	0	0	0	0	0	0	0	0	0	0	0	0	0	0	0	0	0	0	0	0	0	0	0	0	0	0	0	0	0	0	0	0	0	754000	785000	829000	888000	965000	1119000	1249000	1403000	1578000	1770000	1983000	2173000	2343000	2548000	2860000	3164000	3592000	4025000	4361000	4795000	5333000	5847000	6566000	7085000	7694000	8404000	9385000	10470000	11567000	12916000	14074000	14943000	15868000	16649000	17568000	18438000	18931000	19355000	19944000	20764000	21734000	22900000	24200000	24900000	25700000	26400000	27100000	28000000	28700000	29400000	30200000	31200000	32300000	33300000	35100000	36100000	36900000	37700000	38500000	39300000	40200000	40900000	41500000	42300000	43200000	44100000	45400000	46200000	46900000	47700000	48400000	49200000	50100000	50700000	52200000	53100000	54200000	55500000	55800000	56800000	57500000	58200000	59000000	59600000	60100000	60600000	61500000	62100000	62900000	64000000	64600000	65100000	65700000	66200000	66700000	67300000	67700000	68100000	68700000	69500000	70300000	71600000	72300000	72800000
A4	https://alienart-space.nyc3.cdn.digitaloceanspaces.com/62d44ea4d8ae631a101fa4f0	#028699	#152c48	0	0	0	0	0	0	0	0	0	0	0	0	0	0	0	0	0	0	0	0	0	0	0	0	0	0	0	0	0	0	0	0	0	0	0	0	0	0	0	0	0	0	0	0	0	0	0	0	0	0	0	0	0	0	0	0	0	0	0	0	0	0	39000	82000	99000	120000	138000	159000	199000	878000	1118000	1295000	1396000	1531000	1635000	1723000	1807000	1833000	1914000	1996000	2119000	2238000	2310000	2362000	2513000	2604000	2667000	2777000	2932000	3153000	3234000	3482000	3689000	4127000	4574000	5256000	6357000	7467000	8172000	8936000	10101000	10457000	11066000	11500000	12100000	13100000	14000000	14600000	15500000	16700000	18100000	19200000	20100000	21300000	22500000	23600000	25100000	26000000	27300000	28000000	28600000	29300000	30200000	31200000	32300000	33200000	34000000	34600000	35400000	36200000	37200000	38000000	38500000	39100000	39500000	40000000	41100000	41500000	41900000	42400000	42600000	43400000	44000000	44500000	44800000	45100000	45500000	46100000	46600000	47100000	47400000	47800000	48900000	49700000	50400000	51700000	52700000	53600000	54500000	57400000	64200000	66100000	67700000	68800000	70900000	72000000
UR · Cristiano	https://alienart-space.nyc3.cdn.digitaloceanspaces.com/66c78dd7d55a7e6f03cc38bb	#ffa336	#3191f0	0	0	0	0	0	0	0	0	0	0	0	0	0	0	0	0	0	0	0	0	0	0	0	0	0	0	0	0	0	0	0	0	0	0	0	0	0	0	0	0	0	0	0	0	0	0	0	0	0	0	0	0	0	0	0	0	0	0	0	0	0	0	0	0	0	0	0	0	0	0	0	0	0	0	0	0	0	0	0	0	0	0	0	0	0	0	0	0	0	0	0	0	0	0	0	0	0	0	0	0	0	0	0	0	0	0	0	0	0	0	0	0	0	0	0	0	0	0	0	0	0	0	0	0	0	0	0	0	0	0	0	0	0	0	0	0	0	0	0	0	0	0	0	0	0	0	0	0	0	0	0	0	0	0	0	0	0	0	0	0	0	53900000	63500000	65800000	70000000	72000000
Tips Official	https://alienart-space.nyc3.cdn.digitaloceanspaces.com/62d000dbeabff240fc5d204d	#000100	#078073	0	0	0	0	0	0	0	0	0	0	0	0	0	0	0	0	0	0	0	0	0	0	0	0	0	0	0	0	0	0	0	0	0	0	0	0	0	0	0	991000	1031000	1068000	1096000	1119000	1140000	1162000	1183000	1202000	1226000	1248000	1271000	1292000	1315000	1341000	1366000	1397000	1427000	1461000	1502000	1545000	1594000	1634000	1684000	1722000	1768000	1825000	1881000	1951000	2031000	2127000	2230000	2336000	2458000	2596000	2735000	2879000	3064000	3266000	3534000	3773000	4016000	4321000	4670000	4997000	5403000	5805000	6808000	7930000	8863000	10010000	11117000	11984000	12872000	14038000	15383000	16499000	17606000	18570000	19304000	20033000	20902000	21747000	22500000	23200000	23900000	24600000	25400000	26100000	26900000	27600000	27800000	28600000	29500000	30500000	31400000	32600000	33700000	34600000	35900000	37100000	38600000	40000000	41100000	42100000	43100000	44200000	45100000	46000000	46800000	47500000	48100000	48700000	49300000	50000000	50600000	51300000	52600000	53300000	53900000	54500000	54800000	55900000	56500000	57000000	57600000	58100000	58600000	59100000	59900000	60500000	61300000	61900000	62400000	62900000	63500000	64000000	64700000	65400000	66100000	66800000	67500000	68300000	69000000	69900000	70600000	71200000
Alan Chikin Chow	https://alienart-space.nyc3.cdn.digitaloceanspaces.com/655b0a0e9065e0a59669059b	#120805	#8dda1c	0	0	0	0	0	0	0	0	0	0	0	0	0	0	0	0	0	0	0	0	0	0	0	0	0	0	0	0	0	0	0	0	0	0	0	0	0	0	0	0	0	0	0	0	0	0	0	0	0	0	0	0	0	0	0	0	0	0	0	0	0	0	0	0	0	0	0	0	0	0	0	0	0	0	0	0	0	0	0	0	0	0	0	0	0	0	0	0	0	0	0	0	0	0	0	0	0	0	0	0	0	0	0	0	0	0	0	0	0	0	0	0	0	0	0	0	0	23000	25000	26000	27000	39000	874000	1760000	2480000	3130000	3660000	4190000	4610000	5470000	6320000	7200000	7690000	8160000	8600000	9040000	10100000	11400000	12600000	13400000	14800000	15700000	16700000	17900000	19400000	21100000	23000000	24800000	25900000	27400000	29000000	30700000	35000000	35900000	36700000	37700000	40000000	42100000	43800000	47600000	51800000	57300000	60700000	65000000	68700000	70800000
Shemaroo Filmi Gaane	https://alienart-space.nyc3.cdn.digitaloceanspaces.com/62ceb4d953559cb477701dc3	#f15a23	#49e6f2	0	0	0	0	0	0	0	0	0	0	0	0	0	0	0	0	0	0	0	0	0	0	0	0	0	0	0	0	0	0	0	0	0	0	0	0	0	0	0	303000	328000	356000	381000	406000	431000	457000	485000	511000	541000	569000	599000	626000	657000	689000	719000	751000	781000	815000	852000	890000	933000	976000	1030000	1084000	1162000	1258000	1364000	1516000	1706000	1955000	2221000	2501000	2800000	3129000	3454000	3775000	4207000	4662000	5085000	5521000	5956000	6522000	7125000	7714000	8557000	9448000	10459000	11562000	12815000	14096000	15233000	16321000	17400000	18373000	19464000	20557000	21765000	22914000	24055000	25153000	26182000	27223000	28100000	29000000	30000000	30800000	31800000	32800000	34000000	35100000	35400000	36400000	37700000	39100000	40600000	42200000	43700000	44800000	46200000	47600000	49000000	50200000	51200000	52100000	53200000	54100000	54900000	55600000	56300000	57000000	57600000	58100000	58600000	59200000	59600000	60200000	61200000	61600000	62100000	62400000	62700000	63200000	63700000	64000000	64400000	64700000	65000000	65400000	65800000	66100000	66400000	66700000	66900000	67200000	67400000	67700000	67900000	68200000	68500000	68700000	69000000	69300000	69600000	69900000	70200000	70400000
ZAMZAM ELECTRONICS TRADING	https://alienart-space.nyc3.cdn.digitaloceanspaces.com/65a0c480f98bb00b890c02fc	#007af7	#c43166	0	0	0	0	0	0	0	0	0	0	0	0	0	0	0	0	0	0	0	0	0	0	0	0	0	0	0	0	0	0	0	0	0	0	0	0	0	0	0	0	0	0	0	0	0	0	0	0	0	0	0	0	0	0	0	0	0	0	0	0	0	0	0	0	0	0	0	0	0	0	0	0	0	0	0	0	0	0	0	0	0	0	0	0	0	0	0	0	0	0	0	0	0	0	0	0	0	0	0	0	0	0	0	0	0	0	0	0	0	0	0	0	0	0	0	0	0	0	0	0	0	0	0	0	0	0	0	0	6000	7000	9000	11000	12000	15000	17000	20000	24000	30000	180000	339000	555000	763000	1320000	3220000	5160000	7930000	12200000	16200000	19800000	23600000	27300000	31700000	35100000	38300000	44800000	46600000	50700000	53800000	56200000	59400000	62100000	63700000	64800000	66300000	68600000	69900000
Aaj Tak	https://alienart-space.nyc3.cdn.digitaloceanspaces.com/62cffd61eabff240fc5d0e79	#ff1415	#b577fa	0	0	0	0	0	0	0	0	0	0	0	0	0	0	0	0	0	0	0	0	0	0	0	0	0	0	0	0	0	0	0	0	0	0	0	0	0	0	0	0	0	0	0	0	0	0	0	0	0	0	0	0	0	0	0	0	0	0	0	0	0	0	0	0	0	0	0	1107000	1367000	1543000	1703000	1822000	2192000	2364000	2493000	2621000	2768000	3227000	3453000	3627000	3771000	4261000	4649000	5078000	5535000	6165000	6253000	7010000	7824000	8636000	9507000	10813000	11397000	12347000	13214000	14268000	16168000	16741000	18106000	18518000	18927000	19481000	20834000	21800000	22500000	23800000	25300000	26500000	27600000	32200000	36000000	37800000	39200000	40400000	41100000	41700000	42100000	43100000	43600000	44200000	44700000	45100000	45800000	46500000	46800000	47000000	47400000	47800000	48100000	48300000	48800000	49400000	50200000	50900000	51200000	51600000	52700000	53300000	53700000	54200000	54400000	55100000	55400000	55700000	56100000	56600000	57000000	57500000	58100000	58700000	59100000	59600000	60100000	60900000	61900000	62400000	63000000	63600000	64300000	65700000	66200000	67000000	67500000	68100000	68500000	68900000
Toys and Colors	https://alienart-space.nyc3.cdn.digitaloceanspaces.com/62d54526d8ae631a10213945	#00adee	#909bbb	0	0	0	0	0	0	0	0	0	0	0	0	0	0	0	0	0	0	0	0	0	0	0	0	0	0	0	0	0	0	0	0	0	0	0	0	0	0	0	0	0	0	0	0	0	0	0	0	0	0	0	0	0	0	0	0	0	0	0	0	0	0	0	0	0	0	0	0	0	0	0	0	0	0	0	0	0	0	0	0	0	0	0	0	0	0	0	0	0	0	0	5937000	6427000	7224000	8155000	9349000	10444000	11239000	12517000	13059000	14553000	14576000	15228000	15700000	16300000	17000000	17700000	18300000	18800000	20100000	21300000	22500000	23500000	24500000	24900000	25400000	26400000	27200000	28000000	28700000	29500000	30200000	31000000	31500000	31900000	32000000	32200000	32500000	32600000	33000000	33500000	34000000	34600000	35100000	35600000	36000000	36400000	36700000	37100000	37400000	37500000	38200000	38500000	38700000	38900000	39100000	39400000	40100000	40600000	41900000	43700000	45600000	48100000	49800000	51100000	52300000	53500000	54900000	56300000	58000000	59200000	61000000	63200000	65300000	67500000	68900000
Canal KondZilla	https://alienart-space.nyc3.cdn.digitaloceanspaces.com/62ceb27b53559cb477701a17	#ff1c81	#f91bb6	0	0	0	0	0	0	0	0	0	0	0	0	0	0	0	0	0	0	0	0	0	0	0	0	0	0	0	0	0	0	0	0	0	0	0	0	0	0	0	0	0	0	0	0	0	0	0	0	1238000	1302000	1352000	1398000	1471000	1556000	1660000	1785000	1940000	2190000	2437000	2644000	2888000	3180000	3697000	4291000	4924000	5486000	6022000	6701000	7362000	8427000	9591000	10738000	12041000	13229000	14280000	15452000	16644000	17863000	19165000	20599000	22348000	24491000	26484000	28455000	30299000	32232000	34022000	35534000	37279000	38902000	40590000	42075000	43403000	44778000	46120000	47133000	48083000	48898000	49578000	50188000	50765000	50802000	51601000	52300000	52900000	53600000	54400000	55300000	55900000	56700000	57300000	57900000	58600000	59200000	60000000	60600000	61300000	61800000	62500000	63100000	63400000	63800000	64100000	64300000	64500000	64600000	64700000	64800000	65000000	65100000	65200000	65300000	65400000	65500000	65600000	65700000	65900000	66000000	66000000	66100000	66200000	66300000	66400000	66400000	66400000	66500000	66500000	66500000	66500000	66600000	66600000	66700000	66700000	66800000	66900000	66900000	67000000	67100000	67100000	67200000	67200000	67300000	67300000	67400000	67400000	67500000
El Reino Infantil	https://alienart-space.nyc3.cdn.digitaloceanspaces.com/62d00794eabff240fc5d4303	#fd3035	#44a01b	0	0	0	0	0	0	0	0	0	0	0	0	0	0	0	0	0	0	0	0	0	0	0	0	0	0	0	0	0	0	0	0	0	0	0	0	0	0	0	439000	491000	546000	596000	649000	701000	751000	803000	849000	916000	984000	1061000	1143000	1226000	1322000	1429000	1561000	1694000	1831000	1986000	2179000	2410000	2629000	2905000	3205000	3511000	3813000	4117000	4440000	4737000	5052000	5393000	5721000	6143000	6595000	7016000	7438000	7977000	8510000	9023000	9507000	9978000	10469000	11059000	11597000	12199000	12809000	13453000	14135000	14885000	15623000	16275000	16861000	17482000	18133000	18985000	19759000	20610000	21507000	22304000	23082000	24355000	25514000	26600000	27500000	28200000	29000000	29800000	30800000	31700000	32800000	33100000	33800000	34900000	35700000	36600000	37300000	38100000	38700000	39300000	40000000	40700000	41300000	42000000	42700000	43300000	44100000	44800000	45400000	45900000	46500000	47100000	47700000	48300000	49000000	49600000	50200000	51500000	52100000	52800000	53300000	53600000	54600000	55200000	55700000	56400000	56800000	57400000	58100000	58800000	59400000	60000000	60600000	61200000	61800000	62300000	62800000	63400000	63800000	64300000	64800000	65200000	65600000	66100000	66500000	66900000	67200000
Infobells - Hindi	https://alienart-space.nyc3.cdn.digitaloceanspaces.com/62d0de13eabff240fc6419cf	#fb2d2f	#273b6f	0	0	0	0	0	0	0	0	0	0	0	0	0	0	0	0	0	0	0	0	0	0	0	0	0	0	0	0	0	0	0	0	0	0	0	0	0	0	0	0	0	0	0	0	0	0	0	0	0	0	0	0	0	0	0	0	0	0	0	0	0	0	126000	147000	170000	197000	228000	270000	320000	394000	508000	648000	807000	965000	1109000	1253000	1424000	1606000	1842000	2082000	2338000	2671000	3044000	3347000	3739000	4184000	4772000	5494000	6332000	7283000	8105000	8952000	9707000	10428000	11209000	12017000	12856000	13527000	14114000	14566000	15346000	15492000	16166000	17000000	17700000	18400000	18900000	19700000	20400000	21300000	22400000	23400000	24600000	25600000	26600000	27500000	28600000	29400000	30300000	31200000	32000000	33000000	34300000	35300000	36200000	37000000	37800000	38600000	39200000	39800000	40300000	41100000	41700000	42600000	43200000	43800000	45400000	46300000	46900000	47300000	47500000	48100000	48700000	49400000	50300000	50900000	51600000	52700000	54400000	55200000	56100000	56700000	57500000	58200000	59100000	60100000	60900000	61600000	62200000	62800000	63400000	64100000	64700000	65600000	66400000	67100000
Wave Music	https://alienart-space.nyc3.cdn.digitaloceanspaces.com/62cff91aeabff240fc5cfff3	#3d3f96	#1df5cb	0	0	0	0	0	0	0	0	0	0	0	0	0	0	0	0	0	0	0	0	0	0	0	0	0	0	0	0	0	0	0	0	0	0	0	0	0	0	0	0	0	0	0	0	0	0	0	0	0	0	0	113000	145000	174000	202000	232000	263000	296000	330000	366000	414000	447000	483000	532000	588000	654000	741000	890000	1069000	1276000	1505000	1792000	2121000	2443000	2753000	3114000	3597000	4024000	4058000	4941000	5484000	6332000	6828000	7458000	9264000	10089000	11037000	12086000	13911000	15195000	16313000	17496000	18855000	19797000	20607000	21500000	22621000	23964000	24580000	25793000	26460000	26664000	27415000	28100000	28900000	29600000	30300000	31200000	32000000	33000000	33700000	34500000	35300000	36300000	37300000	38300000	39200000	39800000	40500000	41400000	42300000	43300000	44100000	44900000	45600000	46400000	47200000	47800000	48400000	49100000	49600000	50200000	50800000	51500000	51900000	52300000	53300000	53800000	54200000	54600000	54800000	55400000	55900000	56400000	56900000	57200000	57400000	57800000	58300000	58600000	58900000	59400000	59700000	60100000	60500000	61000000	61400000	61700000	61900000	62200000	62400000	62700000	62900000	63200000	63500000	63800000
EminemMusic	https://alienart-space.nyc3.cdn.digitaloceanspaces.com/62cffc35eabff240fc5d0a4c	#1c1c1c	#3b1ae2	0	0	0	0	0	0	0	0	0	0	0	0	0	0	0	0	0	0	0	0	0	0	0	0	0	0	0	0	0	0	0	0	0	0	0	0	0	0	0	835000	838000	877000	899000	908000	919000	925000	932000	937000	947000	953000	958000	977000	986000	990000	991000	994000	996000	997000	998000	999000	1000000	1001000	1002000	1002000	1002000	1002000	1003000	1120000	1131000	1134000	1136000	1140000	1149000	1156000	1163000	1169000	1177000	1180000	1184000	1202000	1232000	1422000	1772000	1988000	2226000	28412000	28753000	29085000	29414000	29794000	32224000	33763000	34411000	35096000	35780000	36277000	36789000	37224000	37620000	38056000	38449000	38472000	38842000	39200000	39500000	39800000	40100000	40800000	41400000	42000000	42400000	42900000	43300000	43700000	44100000	44500000	44900000	45300000	45800000	46200000	46600000	47000000	47400000	47800000	48100000	48500000	48800000	49100000	49600000	49900000	50300000	50700000	51100000	51500000	51800000	52100000	52900000	53300000	53600000	53900000	54100000	54700000	55100000	55500000	55800000	56100000	56500000	56800000	57000000	57300000	57500000	57700000	58000000	58500000	58800000	59000000	59300000	59500000	59900000	60700000	61300000	61700000	62000000	62700000	63100000	63500000
KL BRO Biju Rithvik	https://alienart-space.nyc3.cdn.digitaloceanspaces.com/65ffe88fe4b3936f238ca34e	#ff1446	#37e4f0	0	0	0	0	0	0	0	0	0	0	0	0	0	0	0	0	0	0	0	0	0	0	0	0	0	0	0	0	0	0	0	0	0	0	0	0	0	0	0	0	0	0	0	0	0	0	0	0	0	0	0	0	0	0	0	0	0	0	0	0	0	0	0	0	0	0	0	0	0	0	0	0	0	0	0	0	0	0	0	0	0	0	0	0	0	0	0	0	0	0	0	0	0	0	0	0	0	0	0	0	0	0	0	0	0	0	0	0	0	0	0	0	0	0	0	0	0	0	0	0	0	23000	38000	52000	85000	121000	150000	185000	231000	310000	376000	458000	543000	620000	722000	1140000	1680000	3140000	4640000	5960000	6890000	8070000	9860000	11600000	12900000	14700000	16800000	18900000	21500000	25100000	28300000	31200000	33400000	35800000	37500000	39200000	43800000	46100000	49000000	51500000	53000000	54300000	56500000	59000000	61700000	63400000
HAR PAL GEO	https://alienart-space.nyc3.cdn.digitaloceanspaces.com/62de1910fdffb028423e3e37	#fdd228	#ce7a73	0	0	0	0	0	0	0	0	0	0	0	0	0	0	0	0	0	0	0	0	0	0	0	0	0	0	0	0	0	0	0	0	0	0	0	0	0	0	0	0	0	0	0	0	0	0	0	0	0	0	0	0	0	0	0	0	0	0	0	0	0	0	37000	42000	49000	57000	64000	75000	89000	106000	114000	122000	142000	192000	242000	293000	366000	440000	492000	549000	640000	765000	956000	1107000	1291000	1445000	1641000	1847000	2090000	2289000	2472000	2728000	3046000	3322000	3556000	3697000	3883000	4116000	4323000	0	0	4861000	5137000	5420000	5720000	5990000	6290000	6710000	7160000	7690000	8320000	8770000	9290000	9760000	10200000	10600000	11000000	11500000	12200000	12900000	13900000	15100000	16600000	18100000	19300000	20500000	21800000	23300000	24200000	24800000	25500000	26800000	27800000	28700000	29400000	30100000	31600000	32500000	33400000	34200000	34700000	36000000	37000000	38100000	39500000	40500000	42400000	44000000	45200000	46100000	46700000	47300000	48100000	49000000	50100000	51000000	51900000	53000000	54200000	55600000	56900000	58400000	60000000	61500000	62500000	63200000
Sony Music India	https://alienart-space.nyc3.cdn.digitaloceanspaces.com/62d00212eabff240fc5d25a8	#fb0000	#30d6de	0	0	0	0	0	0	0	0	0	0	0	0	0	0	0	0	0	0	0	0	0	0	0	0	0	0	0	0	0	0	0	0	0	0	0	0	0	0	0	976000	997000	1020000	1053000	1075000	1100000	1141000	1176000	1200000	1239000	1268000	1299000	1342000	1389000	1458000	1521000	1614000	1711000	1890000	2028000	2156000	2290000	2392000	2477000	2551000	2628000	2717000	2918000	3223000	3596000	4017000	4504000	4834000	5153000	5542000	5883000	6344000	6787000	7388000	7945000	8377000	8850000	9734000	10533000	11097000	11637000	12296000	12962000	13605000	14370000	15422000	17079000	18632000	20017000	21498000	22692000	23532000	24345000	25009000	25660000	26116000	26706000	27186000	27700000	28500000	29100000	29800000	30500000	31200000	32200000	33300000	33500000	34100000	34700000	36400000	37800000	38800000	39700000	40400000	41000000	41600000	42200000	43100000	43600000	43900000	44300000	44700000	45700000	46800000	47600000	48300000	48900000	49400000	49900000	50400000	50700000	51100000	52300000	52900000	53400000	54000000	54400000	55100000	55500000	56000000	56300000	56500000	56800000	57100000	57400000	57700000	58000000	58300000	58600000	58900000	59200000	59400000	59600000	59900000	60400000	60800000	61200000	61500000	61900000	62300000	62700000	63000000
YRF	https://alienart-space.nyc3.cdn.digitaloceanspaces.com/62d00e50eabff240fc5d6b72	#ec1b24	#da1cb7	0	0	0	0	0	0	0	0	0	0	0	0	0	0	0	0	0	0	0	0	0	0	0	0	0	0	0	0	0	0	0	0	0	0	0	0	0	0	0	2209000	2244000	2277000	2310000	2341000	2376000	2402000	2428000	2453000	2486000	2514000	2542000	2570000	2609000	2640000	2669000	2707000	2753000	2790000	2828000	2885000	2971000	3075000	3167000	3266000	3419000	3522000	3606000	3771000	3973000	4193000	4373000	4517000	4716000	4952000	5130000	5276000	5463000	5659000	5852000	6069000	6815000	7990000	8953000	9578000	10255000	10817000	11357000	11902000	12488000	13239000	14025000	14875000	15810000	16575000	17357000	18019000	18865000	19513000	20072000	20734000	21527000	22517000	23700000	24800000	25700000	26600000	27500000	28400000	29400000	30100000	30500000	30900000	31600000	32300000	33100000	33900000	34600000	35300000	36100000	36900000	37900000	38700000	39300000	39900000	40500000	41000000	41600000	42100000	42600000	43100000	43600000	44100000	44600000	45300000	45700000	46200000	47400000	48000000	48500000	48800000	49200000	50400000	51500000	52400000	53000000	53400000	53900000	54400000	55000000	55500000	56000000	56700000	57300000	57800000	58200000	58600000	59100000	59500000	60000000	60400000	60900000	61400000	61800000	62300000	62700000	63000000
Movieclips	https://alienart-space.nyc3.cdn.digitaloceanspaces.com/62cfdb30eabff240fc5cb3e9	#2835b4	#9c09c6	0	0	0	0	0	0	0	0	0	0	0	0	0	0	0	0	0	0	0	0	0	0	0	0	0	0	0	0	0	0	0	0	0	0	0	0	0	0	0	1577000	1627000	1682000	1734000	1791000	1848000	1904000	1962000	2017000	2081000	2144000	2212000	2282000	2352000	2420000	2481000	2556000	2631000	2722000	2823000	2932000	3049000	3170000	3299000	3410000	3529000	3633000	3697000	3813000	3955000	4119000	4297000	4477000	4700000	4943000	5220000	5477000	5798000	6081000	6375000	6769000	7173000	7864000	8628000	9302000	10156000	11147000	12410000	13755000	15283000	16725000	17998000	19061000	20141000	21120000	22163000	23157000	24361000	25500000	26697000	27539000	28314000	28357000	29052000	29800000	30600000	31300000	32200000	33300000	34300000	35900000	37400000	39300000	40500000	41700000	43100000	44500000	45900000	47000000	48100000	49100000	50100000	51200000	52100000	52600000	53100000	53500000	53900000	54300000	54900000	55200000	55500000	55800000	56100000	56400000	56700000	57000000	57500000	57700000	57900000	58100000	58200000	58400000	58600000	58800000	58900000	59100000	59300000	59500000	59600000	59700000	59800000	60000000	60200000	60400000	60600000	60700000	61000000	61200000	61400000	61600000	61800000	62000000	62200000	62400000	62700000	62900000
Mark Rober	https://alienart-space.nyc3.cdn.digitaloceanspaces.com/62f889f0eabcd0af62f71840	#2b2b2b	#ec0c3a	0	0	0	0	0	0	0	0	0	0	0	0	0	0	0	0	0	0	0	0	0	0	0	0	0	0	0	0	0	0	0	0	0	0	0	0	0	0	0	0	0	0	0	0	0	0	0	0	0	0	0	0	0	0	0	0	0	0	0	0	0	0	0	0	0	0	0	1554000	1617000	1664000	1698000	1726000	0	1851000	1884000	0	2053000	0	0	2168000	2392000	2715000	2933000	0	3011000	3113000	3253000	0	3476000	3622000	3689000	3839000	4029000	5674000	5926000	6109000	6246000	6452000	6926000	7271000	7845000	8122000	8559000	8730000	9000000	9170000	10400000	10400000	10700000	11100000	11300000	12200000	12800000	12900000	13800000	14300000	14800000	15000000	16300000	16400000	17700000	17800000	18200000	19000000	19000000	19400000	19700000	19900000	20400000	20400000	21000000	21200000	21200000	21400000	21500000	22100000	22100000	22400000	22600000	22800000	22800000	23200000	23300000	23400000	23600000	23800000	24100000	24400000	24700000	25000000	25800000	27200000	28200000	29200000	29700000	37500000	47400000	50500000	53100000	54000000	55500000	56300000	57300000	58700000	59900000	61400000
Fede Vigevani	https://alienart-space.nyc3.cdn.digitaloceanspaces.com/65e3311035ccd632b29182ad	#c98864	#d0ad43	0	0	0	0	0	0	0	0	0	0	0	0	0	0	0	0	0	0	0	0	0	0	0	0	0	0	0	0	0	0	0	0	0	0	0	0	0	0	0	0	0	0	0	0	0	0	0	0	0	0	0	0	0	0	0	0	0	0	0	0	0	0	0	0	0	0	0	109000	187000	257000	339000	394000	436000	477000	494000	512000	576000	706000	753000	790000	813000	841000	892000	1123000	1139000	1153000	1265000	1291000	1293000	1296000	1300000	1595000	1658000	1774000	1884000	1950000	1991000	2221000	2269000	2350000	2457000	2531000	2556000	2650000	2750000	2960000	3040000	3240000	3458000	3672000	4247000	4970000	5704000	6300000	6860000	7570000	8110000	8540000	9020000	9420000	10000000	10500000	10800000	11100000	11500000	12000000	12200000	12400000	12800000	13200000	13500000	13600000	13800000	14100000	14500000	15300000	15400000	15800000	16100000	16600000	16700000	16900000	17400000	17700000	18200000	19200000	19800000	21400000	24700000	27200000	30700000	34700000	35400000	37100000	38900000	41100000	45200000	47400000	50700000	52500000	54200000	55500000	56700000	57700000	59100000	60700000
Dude Perfect	https://alienart-space.nyc3.cdn.digitaloceanspaces.com/62cf9b8a97aa7421d92a6d07	#31fcdd	#fec136	0	0	0	0	0	0	0	0	0	0	0	0	0	0	0	0	0	0	0	0	0	0	0	0	0	0	0	0	0	0	0	0	0	0	0	0	0	0	0	2825000	3029000	3195000	3377000	3501000	3735000	3904000	4099000	4315000	4565000	4984000	5540000	5895000	6231000	6605000	6851000	7157000	7430000	7901000	8363000	8766000	9207000	9554000	10129000	10567000	11394000	11909000	12634000	13267000	14365000	15047000	15486000	16066000	16489000	17927000	18783000	19959000	21095000	21976000	22934000	23600000	24291000	25165000	26478000	27591000	28717000	29575000	30679000	31671000	33007000	34252000	34980000	35937000	36784000	37718000	38757000	39329000	40788000	41529000	42476000	43176000	44128000	44193000	45461000	46000000	47000000	47600000	47900000	48900000	49500000	50100000	50700000	51300000	52100000	52500000	53200000	53500000	54000000	54300000	54700000	55000000	55300000	55700000	56000000	56200000	56400000	56600000	56600000	56700000	56800000	56900000	56900000	57100000	57200000	57300000	57400000	57500000	58000000	58200000	58300000	58300000	58400000	58500000	58600000	58900000	59100000	59300000	59400000	59400000	59600000	59600000	59800000	59800000	59900000	60000000	60000000	60000000	60100000	60100000	60200000	60300000	60300000	60400000	60400000	60500000	60600000	60600000
Taylor Swift	https://alienart-space.nyc3.cdn.digitaloceanspaces.com/62d00f5beabff240fc5d6e15	#302625	#cdd7c2	0	0	0	0	0	0	0	0	0	0	0	0	0	0	0	0	0	0	0	0	0	0	0	0	0	0	0	0	0	0	0	0	0	0	0	0	0	0	0	0	0	0	0	0	0	0	1258000	1274000	1283000	1288000	1295000	1300000	1306000	1309000	1314000	1319000	1323000	1336000	1384000	1393000	1400000	1405000	1409000	1412000	1415000	1417000	1419000	1420000	1421000	1421000	1420000	1447000	1448000	1449000	1450000	1451000	1464000	1546000	1754000	1838000	1915000	1991000	2064000	2099000	2154000	29835000	30142000	30410000	30677000	30941000	31188000	31456000	31674000	31903000	32179000	32390000	32600000	33527000	34078000	34708000	35050000	35661000	35900000	36200000	36500000	36800000	37000000	37300000	37500000	37700000	37800000	38000000	38300000	39100000	39600000	39900000	40200000	40400000	41000000	41300000	41700000	42000000	42400000	42600000	42800000	43100000	43300000	43600000	43800000	45000000	45300000	45600000	45800000	46000000	46200000	46500000	47000000	47300000	47500000	49000000	50000000	50500000	50800000	51000000	51300000	51600000	52000000	52500000	53300000	53800000	54300000	54900000	55400000	55900000	56200000	56700000	57100000	58500000	59100000	59400000	59600000	59900000	60100000	60200000	60300000	60500000
ARY Digital HD	https://alienart-space.nyc3.cdn.digitaloceanspaces.com/62de182efdffb028423e3d24	#e59d39	#2e910e	0	0	0	0	0	0	0	0	0	0	0	0	0	0	0	0	0	0	0	0	0	0	0	0	0	0	0	0	0	0	0	0	0	0	0	0	0	0	0	0	0	0	0	0	0	0	0	0	0	0	0	0	0	0	0	0	0	0	0	0	0	0	0	0	0	0	0	111000	149000	0	0	0	417000	505000	568000	858000	955000	1051000	1186000	1264000	1437000	1551000	1907000	2160000	2441000	0	2691000	3012000	3593000	3838000	4047000	4492000	4792000	5418000	5876000	6227000	6909000	7382000	7814000	8541000	8768000	9208000	9414000	9820000	10100000	10500000	11300000	11700000	11900000	12400000	13100000	13900000	14400000	15000000	15700000	16500000	16900000	17400000	17900000	18500000	19000000	19500000	20200000	20800000	21200000	21700000	22300000	23200000	23400000	23900000	24500000	25200000	26400000	26900000	28300000	29700000	31800000	33200000	34800000	35900000	36600000	38100000	38900000	40000000	40900000	41400000	42000000	42800000	43900000	45100000	46700000	47900000	48900000	49700000	50500000	51200000	52100000	52900000	53600000	54300000	55200000	56300000	57500000	58600000	59600000	60100000
LooLoo Kids - Nursery Rhymes and Children's Songs	https://alienart-space.nyc3.cdn.digitaloceanspaces.com/62d008dbeabff240fc5d4c61	#44dedc	#5c33a6	0	0	0	0	0	0	0	0	0	0	0	0	0	0	0	0	0	0	0	0	0	0	0	0	0	0	0	0	0	0	0	0	0	0	0	0	0	0	0	0	0	0	0	0	0	0	0	0	0	0	0	0	0	0	0	0	0	0	0	0	0	125000	171000	217000	254000	291000	373000	464000	543000	620000	700000	766000	844000	948000	1137000	1267000	1566000	1943000	2414000	3043000	3652000	4414000	5227000	5914000	6673000	7372000	8128000	8961000	9916000	10586000	11287000	11971000	12584000	13036000	13632000	14189000	14812000	15421000	15792000	16331000	16963000	17711000	18800000	20100000	21000000	22100000	23400000	24700000	26300000	28000000	28400000	29700000	31000000	32100000	33300000	34500000	35800000	37100000	38100000	39200000	40400000	41500000	42500000	43200000	44000000	44600000	45100000	45700000	46200000	46800000	47400000	48000000	48300000	48700000	49000000	49300000	49600000	50100000	50500000	51000000	51400000	52000000	52500000	53000000	53200000	53500000	53800000	53900000	54500000	54600000	54800000	55100000	55500000	55800000	56000000	56100000	56300000	56600000	56900000	57100000	57400000	57800000	58200000	58700000	59200000	59400000
Billion Surprise Toys	https://alienart-space.nyc3.cdn.digitaloceanspaces.com/62ede7ed0100104c1d2ff541	#ff0678	#e51051	0	0	0	0	0	0	0	0	0	0	0	0	0	0	0	0	0	0	0	0	0	0	0	0	0	0	0	0	0	0	0	0	0	0	0	0	0	0	0	0	0	0	0	0	0	0	0	0	0	0	0	0	0	0	0	0	0	0	0	0	0	0	0	0	0	0	0	1426000	1625000	1673000	1979000	2080000	2128000	2468000	2808000	3057000	3307000	3556000	3784000	4012000	4129000	4824000	5232000	6265000	7431000	9580000	10801000	12013000	13403000	15519000	16519000	17945000	19224000	20168000	21165000	21746000	22569000	23177000	23831000	24120000	24451000	24637000	24800000	24900000	24900000	25100000	25300000	25300000	25200000	25200000	25200000	25300000	25400000	25600000	25600000	25600000	25700000	25700000	26100000	26300000	26300000	26700000	27300000	27600000	27700000	27900000	28200000	28400000	28400000	29300000	30900000	30900000	30900000	30900000	30900000	30900000	30900000	47100000	47500000	47700000	47800000	48900000	50000000	50500000	51000000	51400000	51700000	52000000	52600000	52800000	53500000	53800000	54300000	54700000	55200000	55400000	56100000	56500000	56700000	56900000	57100000	57200000	57300000	57400000	57600000	57600000
Marshmello	https://alienart-space.nyc3.cdn.digitaloceanspaces.com/62cfdfe3eabff240fc5cbdb9	#cbcbcb	#4f9e12	0	0	0	0	0	0	0	0	0	0	0	0	0	0	0	0	0	0	0	0	0	0	0	0	0	0	0	0	0	0	0	0	0	0	0	0	0	0	0	0	0	0	0	0	0	0	0	0	0	0	0	0	0	0	0	0	0	0	0	0	0	0	0	0	0	0	0	0	1057000	1686000	2340000	2925000	3539000	3899000	4587000	4945000	5309000	5625000	6441000	7004000	7890000	8515000	9284000	9988000	11045000	12408000	13801000	15259000	17063000	18210000	20085000	20904000	22679000	23421000	23926000	30055000	31282000	32738000	34973000	35729000	37212000	37308000	38506000	39400000	40500000	41300000	41900000	42700000	43300000	44100000	44800000	45600000	46400000	47300000	48100000	48800000	49500000	50200000	50700000	51200000	51600000	52100000	52500000	52900000	53200000	53500000	53800000	53900000	54100000	54300000	54500000	54600000	54800000	55000000	55200000	55300000	55700000	55800000	55900000	56000000	56000000	56100000	56100000	56100000	56200000	56300000	56300000	56400000	56500000	56500000	56600000	56600000	56700000	56800000	56800000	56800000	56900000	57000000	57100000	57200000	57200000	57300000	57400000	57400000	57500000	57600000
